Player name,Guild,Discord name,,,,,,,,,,,,,,,,,,,,,Guild,public?,Discord,Score Rank,Avg Score,NM Clears,>30s left,>20s left,>10s left,VH Clears,Misses,Best Phase,Best Score,Worst Phase,Worst Score,Normalized Avgs,,,,,,,,,,,,,,,,,,,,,,,,,,,,,,,,,,,,,,,,,,,
,,,R. Arrancar,M. Arrancar,R. Hollow,M. Espada,M. Squad Zero,R. Captain,M. Human,R. No Aff,M. Soul Reaper,M. Stern Ritter,R. Squad Zero,M. Hollow,R. Stern Ritter,R. Espada,M. Quincy,R. Human,M. No Affiliation,R. Soul Reaper,M. Captain,R. Quincy,,,,(need to sort avg score first),,,,,,,,,,,,,,,,,,,,,,,,,,,,,,,,,,,,,,,,,,,,,,,,,,,,,,,
kocejam,45,kocejam,"165,435,199","166,261,300","484,029,399","480,805,800","165,939,700","165,329,800","304,217,300","304,858,000","166,746,900","166,324,500","165,415,900","166,569,500","166,471,300","165,569,600","166,403,100","165,953,000","303,636,000","302,711,300","166,531,400","166,012,300",45,y,@kocejam,1,"231,815,422",6,20,20,20,20,0,R. Hollow,"484,029,399",R. Captain,"165,329,800",0.99560,0.9840188325,0.9988018418,0.9852217751,0.987480366,0.9992962745,0.9924855135,1,1,0.9933678831,1,0.996349907,0.997253907,0.9999590352,0.9995302757,0.9973525686,0.9948191064,0.9957556562,0.991980645,1,0.9984129894,,,,,,,,,,,,,,,,,,,,,,,
sKy,44,skyx222,,,,,,,,,,,"165,041,299","166,505,000","166,149,100","164,536,200","166,684,700","165,054,900","304,054,000","300,551,600","166,484,900","165,440,699",44,y,@skyx222,2,"199,822,100",2,10,10,10,10,0,M. No Affiliation,"304,054,000",R. Espada,"164,536,200",0.99304,-1.645103088,-0.7846121112,-0.2127909094,-0.06565544901,-0.5577169832,-0.7142991408,-0.1816394424,-0.000000003280215718,-12.77854907,-0.5669740329,0.992518782,0.9956436979,0.9969592921,0.9863037603,1,0.9864549855,0.9982643323,0.9824858799,0.9994358946,0.9923043239,,,,,,,,,,,,,,,,,,,,,,,
Silver,45,nando9362,165454800,"166,357,400","481,321,600","480,541,400","164,796,000","165,074,600","304,026,100","304,003,100","166,319,600","164,953,300","164,879,600","166,495,800","165,942,700","164,670,500","166,181,900","165,604,200","303,647,200","301,853,400","166,335,300","165,953,500",45,y,@nando9362,3,"231,229,067",6,20,20,20,20,0,R. Hollow,"481,321,600",R. Espada,"164,670,500",0.99026,0.9843303346,0.9998326655,0.9785197492,0.9869012359,0.9885649302,0.9898509525,0.9992573418,0.9971957436,0.9580764317,0.9870816699,0.9908650516,0.9954140247,0.995037669,0.9880226697,0.9952729811,0.9915706871,0.9958228743,0.9882090291,0.9976210522,0.9977845974,,,,,,,,,,,,,,,,,,,,,,,
Kayers,45,kayers.j,"165,627,800","166,003,700","482,677,800","480,990,000","165,626,100","164,406,900","300,636,700","303,437,299","166,827,200","164,745,400","165,729,600","166,390,000","164,829,000","164,855,599","165,791,400","155,935,347","302,880,300","301,100,400","165,647,800","164,782,200",45,y,@kayers.j,4,"230,471,697",6,19,19,19,19,0,R. Hollow,"482,677,800",R. Human,"155,935,347",0.98550,0.9870796775,0.9960386766,0.9818764561,0.9878838296,0.9963537637,0.9829579416,0.9860922499,0.9953397942,1,0.9851230054,0.9995581843,0.9927727825,0.984668911,0.990391757,0.9916017383,0.9015234137,0.991220234,0.9848985887,0.9892807838,0.9852669846,,,,,,,,,,,,,,,,,,,,,,,
pat7res,45,pat7res,"164,929,800","165,316,500","484,175,600","481,565,200","164,046,800","164,554,600","302,237,600","302,640,500","166,642,200","163,994,000","163,839,000","166,316,000","162,304,100","164,801,200","166,334,400","163,644,500","303,088,300","301,993,000","166,377,600","163,574,200",45,y,@pat7res,5,"230,690,183",6,14,19,19,20,0,R. Hollow,"484,175,600",R. Stern Ritter,"162,304,100",0.98485,0.9759869529,0.9886673757,0.9855836346,0.9891437223,0.9815351818,0.9844827247,0.9923104583,0.9927261216,0.9847205277,0.9780439263,0.9802226117,0.9909254109,0.9611616137,0.9896955027,0.9967066931,0.9733197486,0.9924685704,0.9888227575,0.9981342061,0.9723571612,,,,,,,,,,,,,,,,,,,,,,,
Nour,45,nour.db,"164,680,500","165,411,000","481,706,800","480,592,800","165,157,500","164,735,300","302,983,500","303,997,600","166,208,400","164,448,600","165,162,400","165,836,400","165,841,400","164,491,900","165,313,300","163,909,900","303,600,800","300,474,800","165,677,900","164,360,100",45,y,@nour.db,6,"230,808,494",6,18,20,20,20,0,R. Hollow,"481,706,800",R. Human,"163,909,900",0.98468,0.9720250385,0.9896810369,0.979473151,0.9870138202,0.991956887,0.9863481839,0.9952076797,0.9971777024,0.94889223,0.9823267974,0.993757308,0.9789524454,0.9940945468,0.9857367634,0.9871069338,0.975791453,0.9955443993,0.9821482414,0.9896459359,0.9807560273,,,,,,,,,,,,,,,,,,,,,,,
OverSeer,45,unseer,"165,569,000","165,876,100","483,359,599","482,394,800","164,106,800","164,857,000","283,170,759","303,904,200","166,626,400","164,370,800","163,532,600","166,183,600","165,434,899","164,615,600","166,235,100","163,772,000","303,001,600","302,366,200","166,147,200","165,415,600",45,y,@unseer,7,"229,965,392",5,16,20,20,20,0,R. Hollow,"483,359,599",R. Squad Zero,"163,532,600",0.98438,0.9861452188,0.9946699659,0.9835639648,0.9909608415,0.9820981622,0.9876045557,0.9182511219,0.9968713302,0.9834155782,0.9815938291,0.977088993,0.9876201135,0.9903099455,0.9873200031,0.9957731351,0.9745071725,0.9919482302,0.9904634697,0.9953391547,0.9920360924,,,,,,,,,,,,,,,,,,,,,,,
chrispy,45,9chrispy6,"165,758,200","166,106,500","481,559,200","480,449,200","165,250,000","164,220,400","303,045,100","303,215,600","165,886,500","164,546,400","165,251,500","166,324,500","164,963,100","164,312,200","166,589,900","161,564,500","301,980,000","301,973,300","165,608,900","164,023,100",45,,@9chrispy6,8,"230,722,006",6,16,19,19,20,0,R. Hollow,"481,559,200",R. Human,"161,564,500",0.98352,0.9891520146,0.9971413683,0.9791078288,0.9866992851,0.992824815,0.9810326061,0.9954469461,0.9946125737,0.9223059482,0.9832481894,0.9946685528,0.991137609,0.9859174074,0.9834367781,0.9991087482,0.9539484407,0.9858169779,0.9887361497,0.9888088762,0.9771545285,,,,,,,,,,,,,,,,,,,,,,,
kocejam(44),44,kocejam(44),"163,870,000","165,711,000","480,008,000","480,278,200","161,707,200","164,624,600","302,823,200","304,257,600","165,571,000","163,038,400","165,477,700","166,208,600","166,475,700","163,876,600","165,926,100","165,049,499","303,939,400","300,467,199","165,994,300","165,858,400",44,,@kocejam(44),9,"230,517,222",6,16,18,19,20,0,M. Espada,"480,278,200",M. Squad Zero,"161,707,200",0.98143,0.9591444464,0.9928990087,0.9752684809,0.9863247342,0.9595827002,0.9852053708,0.9945850432,0.9980305585,0.8962482536,0.969041041,0.9969819489,0.9882442255,1,0.9778615215,0.9928681055,0.9864046852,0.9975765469,0.9821148249,0.993484279,0.9967682694,,,,,,,,,,,,,,,,,,,,,,,
Forgotten,45,bazraeth,"166,158,400","166,373,000","481,273,600","480,259,800","164,721,500","164,169,800","300,981,700","302,863,700","165,488,800","162,884,900","164,373,000","166,349,900","165,269,900","164,388,600","166,142,100","162,005,700","302,433,300","300,463,400","165,823,600","163,683,900",45,y,@bazraeth,10,"230,366,728",6,14,18,19,20,0,R. Hollow,"481,273,600",R. Human,"162,005,700",0.98028,0.9955120553,1,0.9784009452,0.9862844317,0.9878658962,0.9805102362,0.9874322973,0.9934582658,0.8894592124,0.967594889,0.9856839445,0.9917717068,0.9887737736,0.9844146238,0.9948988058,0.9580573931,0.9885375111,0.9820981232,0.9914134662,0.9735295185,,,,,,,,,,,,,,,,,,,,,,,
kaedon,44,kaedon225,,,,,,,"302,451,000","304,213,700","165,398,899","164,057,200","165,070,600","165,606,800","165,839,900","164,116,800","165,610,500","165,194,400","302,988,400","300,475,000","165,676,500","163,928,900",44,,@kaedon225,11,"210,918,600",4,11,14,14,14,0,R. No Aff,"304,213,700",M. Stern Ritter,"164,057,200",0.97930,-1.645103088,-0.7846121112,-0.2127909094,-0.06565544901,-0.5577169832,-0.7142991408,0.9931393456,0.997886557,0.8820341322,0.9786393452,0.9928184497,0.9732206004,0.9940805816,0.980935848,0.9899010269,0.9877541669,0.9918690088,0.9821491207,0.9896289521,0.9761478188,,,,,,,,,,,,,,,,,,,,,,,
STEPPA60,44,aizenbanka1,"164,456,500","165,249,799","480,925,400","480,160,400","164,426,800","164,041,400","300,914,300","302,909,300","166,545,500","161,738,400","161,920,600","166,308,400","162,215,700","164,727,800","165,235,499","162,968,600","302,278,400","301,859,600","165,804,900","162,745,600",44,y,@aizenbanka1,12,"229,937,911",6,14,15,17,20,0,R. Hollow,"480,925,400",M. Stern Ritter,"161,738,400",0.97915,0.9684651957,0.9879519026,0.9775391215,0.9860667103,0.9851007242,0.9791846969,0.9871705025,0.9936078436,0.9767339063,0.9567934994,0.9606027225,0.9907356808,0.960338593,0.988756054,0.9863754962,0.9670250048,0.9876078605,0.9882362863,0.9911866109,0.9635019627,,,,,,,,,,,,,,,,,,,,,,,
Spanky,45,nawt0k,"165,034,300","165,275,800","483,566,200","466,813,740","164,342,800","163,729,200","301,769,600","304,109,899","165,926,800","163,955,700","162,494,800","165,593,000","164,610,400","163,732,300","165,383,300","163,719,900","301,959,199","300,945,700","164,571,300","163,563,600",45,y,@nawt0k,13,"229,609,035",6,13,19,20,20,0,R. Hollow,"483,566,200",R. Squad Zero,"162,494,800",0.97683,0.9776476832,0.9882308042,0.9840753193,0.956832775,0.9843125517,0.9759616955,0.9904926549,0.9975460673,0.9256343954,0.9776830949,0.9664751893,0.9728760905,0.9826337036,0.9760146218,0.9877650311,0.9740219585,0.9856921383,0.9842184756,0.9762214399,0.9722438796,,,,,,,,,,,,,,,,,,,,,,,
usurper,45,,"164,464,800","164,913,200","481,226,000","480,859,200","162,450,300","163,769,700","300,989,700","303,358,300","165,406,500","162,763,100","164,899,799","165,428,189","164,416,600","164,001,400","164,938,200","163,536,400","301,623,100","300,268,300","164,560,000","163,303,600",45,,usurper,14,"229,961,822",6,14,17,20,20,0,R. Hollow,"481,226,000",M. Squad Zero,"162,450,300",0.97399,0.9685971006,0.9843413489,0.9782831313,0.987597331,0.9665552122,0.9763797979,0.9874633709,0.9950806605,0.882661912,0.9664473886,0.9910716311,0.9687616693,0.9808293889,0.9794588402,0.9835804724,0.9723129994,0.9836750007,0.9812403982,0.9760843562,0.9694652752,,,,,,,,,,,,,,,,,,,,,,,
JtBlixk,45,jtcal,"165,648,400","165,807,200","483,352,600","481,858,200","163,388,400","163,599,600","236,572,795","304,172,699","166,555,400","165,372,300","163,698,600","166,377,800","165,505,100","163,871,400","165,665,400","165,212,800","301,969,600","301,628,000","165,236,500","164,696,200",45,y,@jtcal,15,"227,236,461",5,16,19,20,20,0,R. Hollow,"483,352,600",M. Squad Zero,"163,388,400",0.97341,0.9874070559,0.9939309051,0.9835466417,0.9897854965,0.9753574104,0.974623768,0.7372555237,0.9977520649,0.9775515645,0.9910291468,0.9787867107,0.9924682158,0.9909635301,0.9777949666,0.9904171632,0.9879255285,0.9857545611,0.9872180951,0.9842911803,0.9843479078,,,,,,,,,,,,,,,,,,,,,,,
Yozora,45,ns_yozora,"165,604,400","165,587,100","481,782,600","480,455,400","165,564,200","164,274,900","303,389,300","302,717,500","165,454,399","164,827,700","164,113,100","165,240,500","165,698,100","164,784,300","166,045,200","161,699,100","303,513,300","266,726,536","165,502,600","162,954,700",45,,@ns_yozora,16,"228,748,758",5,16,18,19,20,0,R. Hollow,"481,782,600",R. Human,"161,699,100",0.97224,0.9867078011,0.9915699864,0.9796607622,0.9867128653,0.9957729556,0.9815952376,0.9967838862,0.9929786983,0.8866179739,0.985898369,0.9830258913,0.9640761107,0.9927603967,0.9894791991,0.9939878111,0.9552019878,0.9950192578,0.8337795614,0.9875193191,0.9657366019,,,,,,,,,,,,,,,,,,,,,,,
Rokushiki,44,rokushiki_3799,"164,817,799","163,300,100","480,189,400","480,000,000","164,120,600","163,424,500","302,040,400","303,940,100","165,129,999","161,547,700","163,301,700","165,588,300","164,839,000","164,011,500","164,098,700","162,798,300","301,223,100","300,562,700","164,008,000","163,501,800",44,y,@rokushiki_3799,17,"229,718,550",6,10,16,19,20,0,R. Hollow,"480,189,400",M. Stern Ritter,"161,547,700",0.97094,0.9742070156,0.9670383142,0.9757174608,0.9857153772,0.9822276477,0.9728161206,0.991544495,0.99698909,0.8598252127,0.9549968792,0.9747275291,0.9727587575,0.9847620129,0.9795881104,0.9756880055,0.965438979,0.9812743538,0.9825346793,0.9693878789,0.9715834267,,,,,,,,,,,,,,,,,,,,,,,
Aj,44,ajalt,"164,748,100","165,091,800","483,563,199","405,523,193","163,974,000","164,302,600","302,201,900","303,468,200","165,223,500","164,344,300","162,968,000","166,236,200","165,799,100","162,892,900","165,258,600","164,647,999","303,126,200","301,024,100","165,300,300","164,531,200",44,y,@ajalt,18,"226,355,216",6,15,18,20,20,0,R. Hollow,"483,563,199",R. Espada,"162,892,900",0.96993,0.9730993483,0.9862571148,0.9840678916,0.8225846645,0.980852099,0.981881199,0.9921717926,0.9954411562,0.8675476232,0.9813441677,0.9713147075,0.9889332452,0.9937007258,0.9652711178,0.9865926777,0.982665464,0.9926960317,0.9845631483,0.9850651572,0.9825845627,,,,,,,,,,,,,,,,,,,,,,,
Fakka,45,jeweet1791,,,,,,,"300,933,200","300,700,500","163,620,900","164,955,599","162,137,400","166,645,800","161,574,900","164,176,200","165,283,300","163,796,300","301,541,900","302,177,700","165,445,900","163,386,100",45,y,@jeweet1791,19,"209,795,308",4,8,11,12,14,0,R. Soul Reaper,"302,177,700",R. Stern Ritter,"161,574,900",0.96325,-1.645103088,-0.7846121112,-0.2127909094,-0.06565544901,-0.5577169832,-0.7142991408,0.9872439138,0.9863625032,0.7351860974,0.9871033292,0.9628199827,0.999158697,0.9543726236,0.9816961103,0.9868248921,0.9747334815,0.9831876694,0.9896347606,0.9868314744,0.9703469478,,,Phase,#REF!,#REF!,#REF!,#REF!,#REF!,#REF!,#REF!,#REF!,#REF!,#REF!,#REF!,#REF!,#REF!,#REF!,#REF!,#REF!,#REF!,,,#REF!
大猿,45,edo_tensi,"165,215,300","166,103,600","480,876,000","398,991,482","166,005,200","165,134,500","303,184,600","304,330,300","166,556,800","164,888,600","165,772,800","166,464,400","121,112,108","165,476,200","166,454,400","164,427,100","303,155,400","301,048,800","165,971,000","163,865,400",45,,@edo_tensi,20,"224,177,644",6,18,19,19,19,0,R. Hollow,"480,876,000",R. Stern Ritter,"121,112,108",0.96037,0.9805241633,0.9971102613,0.9774168525,0.8082778929,0.9999108614,0.990469331,0.9959887914,0.9982690302,0.9776671929,0.9864721192,1,0.99463014,0.5776563646,0.9983348465,0.9978348599,0.9806082032,0.9928712789,0.9846717378,0.9932016198,0.9754691981,,,,,,,,,,,,,,,,,,,,,,,
xenoAM,44,xenoam,"165,182,100","165,814,500","480,801,399","481,593,800","164,577,300","163,894,200","267,711,898","302,532,300","163,827,200","162,988,000","162,174,600","165,873,700","161,686,500","164,468,000","165,769,500","162,776,200","302,205,300","300,993,900","161,713,300","161,660,600",44,y,@xenoam,21,"228,048,355",5,12,14,16,20,0,M. Espada,"481,593,800",R. Stern Ritter,"161,686,500",0.95908,0.9799965438,0.994009209,0.9772322088,0.9892063664,0.9865128667,0.9776650755,0.8582058849,0.9923712023,0.7522247738,0.9685662133,0.9632004351,0.9798836206,0.9554116407,0.9854308666,0.9913958479,0.9652331588,0.9871691423,0.984430379,0.941550186,0.9519066329,,,,,,,,,,,,,,,,,,,,,,,
mitsuri,45,kimetsyaiba,"165,770,300","166,304,700","266,620,101","480,359,200","165,112,500","165,035,100","276,247,602","303,932,700","166,593,300","165,967,800","164,097,600","166,468,400","163,150,300","165,047,300","166,440,900","161,400,000","303,736,900","300,000,000","166,014,200","166,160,800",45,y,@kimetsyaiba,22,"217,349,150",3,17,18,19,20,0,M. Espada,"480,359,200",R. Human,"161,400,000",0.95643,0.9893443097,0.9992673751,0.4471158309,0.9865021531,0.9915346517,0.9894431737,0.8913602272,0.9969648164,0.9806817915,0.996639463,0.9828673695,0.9947299979,0.969039896,0.9928453434,0.9977079411,0.952416431,0.9963612194,0.9800608615,0.9937256919,1,,,,,,,,,,,,,,,,,,,,,,,
Shideki,45,shidekix,"166,040,400","165,709,400","302,310,415","423,166,515","165,019,100","164,377,500","303,501,400","303,431,600","165,459,500","162,294,200","163,799,700","165,881,500","166,023,200","163,702,100","164,875,400","161,640,099","302,930,600","300,737,800","165,783,700","163,800,600",45,y,@shidekix,23,"217,272,246",6,14,18,18,20,0,M. Espada,"423,166,515",R. Human,"161,640,099",0.95038,0.9936367809,0.9928818462,0.5354523018,0.8612298187,0.9906582789,0.9826544303,0.9972193045,0.9953211003,0.8870392744,0.9620297945,0.9798206821,0.9800783435,0.9957871393,0.9756280912,0.9829900651,0.9546525039,0.9915221154,0.9833044775,0.9909294274,0.9747766844,,,,,,,,,,,,,,,,,,,,,,,
Stunna,45,Stunna,"165,126,500","165,483,200","481,625,800","387,269,603","163,586,400","164,853,199","300,241,200","302,498,000","164,686,399","162,717,800","163,242,899","165,941,600","138,160,409","164,821,600","163,861,400","165,184,800","302,183,000","301,344,600","163,036,700","162,789,700",45,y,@Stunna,24,"223,490,467",6,13,15,19,19,0,R. Hollow,"481,625,800",R. Stern Ritter,"138,160,409",0.95000,0.9791129399,0.9904554954,0.9792726693,0.7826028062,0.9772152457,0.987565316,0.9845560506,0.9922586909,0.823187516,0.9660206088,0.9741261586,0.9815787089,0.7363792766,0.9899566028,0.9734570556,0.9876647609,0.9870353062,0.9859721737,0.9576047477,0.9639732568,,,,,,,,,,,,,,,,,,,,,,,
Fate,45,fate2378,"164,669,600","163,796,300","480,902,600","309,175,331","162,863,100","163,854,800","302,469,800","303,404,999","164,089,300","163,226,400","162,767,800","165,868,200","164,286,500","163,716,400","164,387,800","163,389,100","302,826,400","300,000,000","165,097,999","163,914,700",45,y,@fate2378,25,"220,316,357",5,9,16,20,20,0,R. Hollow,"480,902,600",R. Squad Zero,"162,767,800",0.94987,0.971851814,0.9723608396,0.9774826896,0.6115485577,0.9704285172,0.977258329,0.9932123685,0.9952338433,0.7738720694,0.970812224,0.969267219,0.9797463159,0.9796181333,0.9758111173,0.9784059473,0.9709411755,0.9908967468,0.9800608615,0.9826109832,0.9759960642,,,,,,,,,,,,,,,,,,,,,,,
MilkShark,45,milkshark,"165,183,100","165,699,400","480,500,200","261,000,000","163,679,700","164,222,100","262,133,928","304,055,100","165,689,700","163,007,000","164,502,200","166,289,100","165,287,400","164,851,000","165,662,000","161,645,299","302,507,500","300,419,600","165,459,899","161,917,300",45,y,@milkshark,26,"215,907,463",4,15,17,18,20,0,R. Hollow,"480,500,200",R. Human,"161,645,299",0.94686,0.9800124359,0.9927745805,0.9764867165,0.5060274378,0.9780906802,0.981050156,0.8365399593,0.9973663148,0.9060518934,0.9687452158,0.9870053007,0.9902538663,0.9889367019,0.9903328943,0.9903851985,0.9547009322,0.9889828311,0.9819055637,0.9870013005,0.9546499704,,,,,,,,,,,,,,,,,,,,,,,
MysTE,44,myste4024,"166,440,800","165,468,099","490,000,200","486,521,599","166,014,700","166,057,700","301,107,900",1,"166,804,700","164,862,599","165,289,900","166,679,500","165,437,100","165,606,300","166,094,800","166,509,300","304,343,200","304,535,400","166,089,700","164,581,300",44,,@myste4024,27,"215,431,878",5,19,19,19,19,1,R. Hollow,"490,000,200",R. No Aff,"164,862,599",0.94601,1,0.9902935135,1,1,1,1,0.9879224828,0,0.9981416858,0.9862271589,0.9950612779,1,0.9903304372,1,0.99445412,1,1,1,0.994641605,0.9831199784,,,,,,,,,,,,,,,,,,,,,,,
XxMarcoxX,44,marcodcorrea,"164,745,100","165,565,100","279,076,439","281,052,403","165,255,200","163,856,700","302,666,800","304,260,100","166,531,600","164,355,100","162,415,000","165,666,800","165,771,800","164,043,300","166,318,800","164,000,300","303,551,900","300,053,400","166,281,800","165,123,299",44,y,@marcodcorrea,28,"208,288,102",4,15,19,20,20,0,R. No Aff,"304,260,100",R. Squad Zero,"162,415,000",0.93800,0.9730516718,0.9913340018,0.4779462949,0.5499493367,0.9928736067,0.9772779437,0.993977555,0.998038759,0.975585881,0.9814459165,0.9656590576,0.9747184693,0.9934465577,0.9799951195,0.9965600314,0.9766333598,0.9952509202,0.9802956258,0.9969720276,0.9889122891,,,,,,,,,,,,,,,,,,,,,,,
Phantom,44,phantom_requiem,"162,648,300","164,380,000","481,663,000","273,528,548","141,747,051","163,145,000","223,668,195","303,090,000","164,104,300","161,665,000","164,690,200","165,074,000","163,949,600","163,029,500","164,569,400","161,467,600","301,833,200","214,215,020","163,558,600","163,867,600",44,y,@phantom_requiem,29,"207,692,662",3,9,14,17,19,0,R. Hollow,"481,663,000",M. Squad Zero,"141,747,051",0.89694,0.939729,0.9786219402,0.9793647424,0.5334694166,0.7722964955,0.9699306981,0.6871315355,0.9942005786,0.7751109455,0.9561019843,0.9889280171,0.9599195245,0.9764815304,0.967019465,0.9801132397,0.9530459985,0.9849359405,0.6029213366,0.9639360729,0.9754927093,,,,,,,,,,,,,,,,,,,,,,,
JC,45,captain_zoro_,"165,095,800","165,901,400","389,266,345","234,147,384","162,310,800","163,839,100","300,478,099","301,067,400","165,621,800","162,672,300","161,853,000","165,826,700","89,194,487","164,621,400","164,775,800","161,901,700","302,656,100","269,110,923","165,898,300","163,444,500",45,y,@captain_zoro_,30,"205,018,919",4,13,15,16,19,0,R. Hollow,"389,266,345",R. Stern Ritter,"89,194,487",0.89480,0.9786250507,0.9949413482,0.7506754005,0.4472106522,0.9652462828,0.9770962498,0.9854762126,0.9875660143,0.9004439141,0.9655919449,0.9599113628,0.9787102899,0.2804972665,0.9873942375,0.9820536866,0.9570888277,0.9898746714,0.8442621258,0.9923196743,0.9709710651,,,,,,,,,,,,,,,,,,,,,,,
GarboManV1,44,blackbirdo,"162,328,900","163,735,900","480,837,600","365,000,000","164,422,600","161,767,100","303,274,400","303,836,099","164,115,900","161,785,600","105,365,124","165,787,900","164,697,699","161,835,500","164,669,400","161,658,900","302,377,500","188,293,803","161,802,100","161,627,100",44,y,@blackbirdo,31,"213,654,996",5,10,12,12,19,0,R. Hollow,"480,837,600",R. Squad Zero,"105,365,124",0.89435,0.9346530455,0.9717129546,0.9773218093,0.7338244501,0.9850613156,0.955705927,0.9963375921,0.9966479443,0.7760690097,0.9572381794,0.3821977119,0.977741668,0.9834464739,0.9517374258,0.9810533787,0.9548276,0.9882026208,0.4889629786,0.9426274454,0.9515486204,,,,,,,,,,,,,,,,,,,,,,,
MajinKev,44,.majinkev,"162,992,100","165,175,500","161,871,400",0,"162,284,300","162,717,400","277,847,669","302,597,300","163,682,200","162,484,500","137,210,002","163,524,100","165,347,900","142,201,195","163,462,600","163,315,500","300,876,700","300,298,200","162,539,400","164,301,500",44,y,@.majinkev,32,"180,993,809",3,6,10,15,17,1,R. No Aff,"302,597,300",R. Squad Zero,"137,210,002",0.88401,0.9451927231,0.987154929,0.1878541565,-0.06565544901,0.9649976331,0.9655163632,0.8975752001,0.9925844163,0.7402489712,0.9638226462,0.7078821248,0.9212270742,0.9894999683,0.7004374093,0.9697077813,0.9702557292,0.9791953935,0.9813718486,0.9515718525,0.9801297726,,,,,,,,,,,,,,,,,,,,,,,
Ichigo :),44,ichigo___,"164,018,600","165,649,800","480,726,200","390,861,399","164,832,500","162,990,000","300,532,300","303,070,200","164,610,400","124,337,833","109,227,013","165,541,599","164,093,600","162,398,300","164,073,500","164,881,800","303,039,300","233,000,000","163,957,500","105,473,626",44,y,@ichigo___,33,"215,993,575",5,11,15,16,17,0,R. Hollow,"480,726,200",R. Squad Zero,"109,227,013",0.86840,0.9615060208,0.9922425425,0.9770460851,0.7904701177,0.9889074099,0.9683305533,0.9856867399,0.9941356303,0.8169106262,0.6044358052,0.4216940809,0.9715928912,0.9778221977,0.9589407187,0.9754510904,0.9848428829,0.9921744912,0.6855064049,0.9687752483,0.3514398167,,,,,,,,,,,,,,,,,,,,,,,
Servant,44,Iceman#5929,"164,108,100","164,961,500","209,428,703","261,000,000","161,556,200","161,677,400","300,261,200","301,510,000","161,828,599","133,930,460","136,528,761","163,848,800","164,082,900","161,645,000","161,815,000","161,537,800","300,229,999","300,504,600","162,553,100","161,678,300",44,,@Iceman#5929,34,"198,358,612",4,7,10,11,18,0,R. No Aff,"301,510,000",M. Stern Ritter,"133,930,460",0.86273,0.9629283687,0.9848594424,0.3055624038,0.5060274378,0.9581658662,0.9547799077,0.9846337345,0.9890178378,0.5871568354,0.6948097274,0.7009149267,0.9293330414,0.9777225787,0.949299211,0.9542180511,0.9536997801,0.9753141416,0.9822792522,0.9517380513,0.9520957917,,,,,,,,,,,,,,,,,,,,,,,
Latif,44,tazaki01,"164,577,700","164,052,800","164,000,001","261,000,000","161,969,200","161,621,200","301,018,099","301,561,601","165,375,500","161,583,300","162,924,600","165,431,800","68,533,890","162,694,300","164,581,700","125,130,758","216,601,386","216,774,497","164,638,200","163,523,700",44,y,@tazaki01,35,"182,746,241",2,10,13,15,18,0,R. No Aff,"301,561,601",R. Stern Ritter,"68,533,890",0.79975,0.9703913249,0.9751122056,0.1931226195,0.5060274378,0.9620410478,0.9541997261,0.9875736781,0.9891871002,0.880101568,0.9553322734,0.9708708463,0.9688518161,0.08814319444,0.9627292309,0.9802288768,0.6146363084,0.4734072087,0.6141736553,0.9770330238,0.9718174707,,,,,,,,,,,,,,,,,,,,,,,
D._.Ahmed,44,dauda0402,"164,663,800","164,707,700","216,674,506","162,289,000","162,917,400","161,629,700","241,623,948","302,636,500","162,183,400","161,883,200","101,028,070","165,761,400","162,795,600","163,447,700","161,566,300","164,305,100","235,750,000","162,371,899","163,816,400","163,417,700",44,y,@dauda0402,36,"178,790,846",1,7,11,13,19,0,R. No Aff,"302,636,500",R. Squad Zero,"101,028,070",0.79511,0.9717596395,0.9821370382,0.3234963639,0.2898152177,0.9709380145,0.954287476,0.756875189,0.9927130008,0.6164604681,0.9581576871,0.3378417283,0.9770801093,0.9657375718,0.9723720185,0.9518799254,0.9794720015,0.5883298623,0.3750016003,0.9670635219,0.9706846551,,,,,,,,,,,,,,,,,,,,,,,
Memmzy..,44,memmzy,"164,770,200","161,671,900","458,064,175","329,946,660","162,733,000","164,070,000","119,679,833","301,135,900","164,719,200","154,081,336","67,994,470","163,359,600","162,141,700","161,950,900","165,578,000","60,073,700","162,069,200","163,310,000","163,919,200","141,179,340",44,y,@memmzy,37,"182,630,543",3,6,8,11,15,0,R. Hollow,"458,064,175",R. Human,"60,073,700",0.72431,0.9734505649,0.9495733082,0.9209557041,0.6570451604,0.9692077881,0.9794799494,0.2832204164,0.9877907091,0.8258966077,0.8846548761,0,0.9171204169,0.959649639,0.9532144336,0.9895954817,0.008751547144,0.1461258963,0.3791258067,0.9683106195,0.7330246375,,,,,,,,,,,,,,,,,,,,,,,
Hyphilios,44,hyphilios,"137,253,439","145,179,418","165,165,200","162,739,400","161,945,300","131,589,408","60,012,500","164,079,100","162,621,000","161,424,800","161,878,599","164,413,200","161,861,900","129,636,319","164,678,000","161,905,700","260,496,715","155,744,446","163,391,700","162,407,400",44,y,@hyphilios,38,"156,256,914",0,4,5,9,14,0,M. No Affiliation,"260,496,715",M. Human,"60,012,500",0.69704,0.5361499181,0.7726654979,0.1960065831,0.290801754,0.961816794,0.6441660738,0.05146083502,0.5382148395,0.6526026145,0.9538390155,0.9601731692,0.9434229949,0.9570446479,0.5396192115,0.9811342307,0.9571260802,0.7368501759,0.3458650955,0.961911359,0.9598876397,,,,,,,,,,,,,,,,,,,,,,,
Zekerdan,44,zekerdan,"103,516,674","73,146,579","85,973,260","29,974,786","59,439,050","69,191,467","46,763,724","138,905,895","154,719,452","60,180,750","70,612,809","126,622,590","59,066,500","87,475,366","60,317,450","59,134,000","137,721,447","77,073,216","84,100,000","72,588,645",44,y,@zekerdan,39,"83,324,168",0,0,0,0,0,0,M. Soul Reaper,"154,719,452",M. Espada,"29,974,786",0.02412,0,0,0,0,0,0,0,0.4556412968,0,0,0.02677831581,0,0,0,0,0,0,0,0,0,,,,,,,,,,,,,,,,,,,,,,,
,,,,,,,,,,,,,,,,,,,,,,,,,@,40,#DIV/0!,0,0,0,0,0,0,#N/A,0,#N/A,0,0.00000,-1.645103088,-0.7846121112,-0.2127909094,-0.06565544901,-0.5577169832,-0.7142991408,-0.1816394424,-0.000000003280215718,-12.77854907,-0.5669740329,-0.6953940612,-3.161067341,-0.5499203048,-1.119599645,-0.567067871,-0.5507225591,-0.8265514227,-0.3388396904,-1.020242286,-0.775750489,,,,,,,,,,,,,,,,,,,,,,,
,,STATS START HERE,"103,516,674","73,146,579","85,973,260","29,974,786","59,439,050","69,191,467","46,763,724",1,"154,719,452","60,180,750","67,994,470","126,622,590","59,066,500","87,475,366","60,317,450","59,134,000","137,721,447","77,073,216","84,100,000","72,588,645",,,,,,,,,,,,,,,,,Phase,R. Arrancar,M. Arrancar,R. Hollow,M. Espada,M. Squad Zero,R. Captain,M. Human,R. No Aff,M. Soul Reaper,M. Stern Ritter,R. Squad Zero,M. Hollow,R. Stern Ritter,R. Espada,M. Quincy,R. Human,M. No Affiliation,R. Soul Reaper,M. Captain,R. Quincy,,Phase,R. Arrancar,M. Arrancar,R. Hollow,M. Espada,M. Squad Zero,R. Captain,M. Human,R. No Aff,M. Soul Reaper,M. Stern Ritter,R. Squad Zero,M. Hollow,R. Stern Ritter,R. Espada,M. Quincy,R. Human,M. No Affiliation,R. Soul Reaper,M. Captain,R. Quincy
,,,"166,440,800","166,373,000","490,000,200","486,521,599","166,014,700","166,057,700","304,217,300","304,858,000","166,827,200","166,324,500","165,772,800","166,679,500","166,475,700","165,606,300","166,684,700","166,509,300","304,343,200","304,535,400","166,531,400","166,160,800",,,,,,,,,,,,,,,,,#1 Score holder,@myste4024,@bazraeth,@myste4024,@myste4024,@myste4024,@myste4024,@kocejam,@kocejam,@kayers.j,@kocejam,@edo_tensi,@myste4024,@kocejam(44),@myste4024,@skyx222,@myste4024,@myste4024,@myste4024,@kocejam,@kimetsyaiba,,Average Score,"162,319,132","162,025,343","407,630,604","385,363,490","160,341,417","160,265,962","274,205,188","286,752,565","164,936,547","158,564,335","152,492,572","164,687,964","155,087,586","160,405,256","162,323,920","156,522,816","289,077,996","272,329,444","162,684,903","159,123,941"
,,,,,,,,,,,,,,,,,,,,,,,,,,,,,,,,,,,,,,,#1 Score,"166,440,800","166,373,000","490,000,200","486,521,599","166,014,700","166,057,700","304,217,300","304,858,000","166,827,200","166,324,500","165,772,800","166,679,500","166,475,700","165,606,300","166,684,700","166,509,300","304,343,200","304,535,400","166,531,400","166,160,800",,,,,,,,,,,,,,,,,,,,,,
,,,,,,,,,,,,,,,,,,,,,,,,,,,,,,,,,,,,,,,#2 Score holder,@bazraeth,@nando9362,@pat7res,@unseer,@edo_tensi,@kocejam,@nando9362,@edo_tensi,@myste4024,@kimetsyaiba,@kayers.j,@jeweet1791,@kocejam,@kocejam,@9chrispy6,@kocejam,@skyx222,@kocejam,@skyx222,@kocejam,,,,,,,,,,,,,,,,,,,,,,
,,,,,,,,,,,,,,,,,,,,,,,,,,,,,,,,,,,,,,,#2 Score,"166,158,400","166,357,400","484,175,600","482,394,800","166,005,200","165,329,800","304,026,100","304,330,300","166,804,700","165,967,800","165,729,600","166,645,800","166,471,300","165,569,600","166,589,900","165,953,000","304,054,000","302,711,300","166,484,900","166,012,300",,,,,,,,,,,,,,,,,,,,,,
,,,,,,,,,,,,,,,,,,,,,,,,,,,,,,,,,,,,,,,#3 Score holder,@shidekix,@kimetsyaiba,@kocejam,@jtcal,@kocejam,@edo_tensi,@shidekix,@marcodcorrea,@kocejam,@jtcal,@kocejam(44),@kocejam,@skyx222,@edo_tensi,@edo_tensi,@nando9362,@kocejam(44),@unseer,@pat7res,@nando9362,,,,,,,,,,,,,,,,,,,,,,
,,,,,,,,,,,,,,,,,,,,,,,,,,,,,,,,,,,,,,,#3 Score,"166,040,400","166,304,700","484,029,399","481,858,200","165,939,700","165,134,500","303,501,400","304,260,100","166,746,900","165,372,300","165,477,700","166,569,500","166,149,100","165,476,200","166,454,400","165,604,200","303,939,400","302,366,200","166,377,600","165,953,500",,,,,,,,,,,,,,,,,,,,,,
,,,,,,,,,,,,,,,,,,,,,,,,,,,,,,,,,,,,,,,#4 Score holder,@kimetsyaiba,@kocejam,@nawt0k,@xenoam,@kayers.j,@nando9362,@ns_yozora,@kocejam(44),@pat7res,@jeweet1791,@kocejam,@skyx222,@shidekix,@kimetsyaiba,@kimetsyaiba,@jtcal,@kimetsyaiba,@jeweet1791,@nando9362,@kocejam(44),,,,,,,,,,,,,,,,,,,,,,
,,,,,,,,,,,,,,,,,,,,,,,,,,,,,,,,,,,,,,,#4 Score,"165,770,300","166,261,300","483,566,200","481,593,800","165,626,100","165,074,600","303,389,300","304,257,600","166,642,200","164,955,599","165,415,900","166,505,000","166,023,200","165,047,300","166,440,900","165,212,800","303,736,900","302,177,700","166,335,300","165,858,400",,,,,,,,,,,,,,,,,,,,,,
,,,,,,,,,,,,,,,,,,,,,,,,,,,,,,,,,,,,,,,#5 Score holder,@9chrispy6,@9chrispy6,@ajalt,@pat7res,@ns_yozora,@kimetsyaiba,@blackbirdo,@kaedon225,@unseer,@nando9362,@myste4024,@nando9362,@nando9362,@kayers.j,@kocejam,@kaedon225,@nando9362,@pat7res,@marcodcorrea,@skyx222,,,,,,,,,,,,,,,,,,,,,,
,,,,,,,,,,,,,,,,,,,,,,,,,,,,,,,,,,,,,,,#5 Score,"165,758,200","166,106,500","483,563,199","481,565,200","165,564,200","165,035,100","303,274,400","304,213,700","166,626,400","164,953,300","165,289,900","166,495,800","165,942,700","164,855,599","166,403,100","165,194,400","303,647,200","301,993,000","166,281,800","165,440,699",,,,,,,,,,,,,,,,,,,,,,
,,,,,,,,,,,,,,,,,,,,,,,,,,,,,,,,,,,,,,,,,,,,,,,,,,,,,,,,,,,,,,,,,,,,,,,,,,,,,,,,,
,,,,,,,,,,,,,,,,,,,,,,,,,,,,,,,,,,,,,,,,,,,,,,,,,,,,,,,,,,,,,,,,,,,,,,,,,,,,,,,,,
,,,,,,,,,,,,,,,,,,,,,,,,,,,,,,,,,,,,,,,,,,,,,,,,,,,,,,,,,,,,,,,,,,,,,,,,,,,,,,,,,
,,,,,,,,,,,,,,,,,,,,,,,,,,,,,,,,,,,,,,,,,,,,,,,,,,,,,,,,,,,,,,,,,,,,,,,,,,,,,,,,,
,,,,,,,,,,,,,,,,,,,,,,,,,,,,,,,,,,,,,,,,,,,,,,,,,,,,,,,,,,,,,,,,,,,,,,,,,,,,,,,,,
,,,,,,,,,,,,,,,,,,,,,,,,,,,,,,,,,,,,,,,Posting stats,,Announcements post,info for ranked individual stats,,,,,,,,,,,,,,,,,,,,,,,,,,,,,,,,,,,,,,,
,,,,,,,,,,,,,,,,,,,,,,,,,,,,,,,,,,,,,,,,,,chart of avg score + best score + who got best / phase,,,,,,,,,,,,,,,,,,,,,,,,,,,,,,,,,,,,,,,
,,,,,,,,,,,,,,,,,,,,,,,,,,,,,,,,,,,,,,,,,,,,,,,,,,,,,,,,,,,,,,,,,,,,,,,,,,,,,,,,,
,,,,,,,,,,,,,,,,,,,,,,,,,,,,,,,,,,,,,,,,,,,,,,,,,,,,,,,,,,,,,,,,,,,,,,,,,,,,,,,,,
,,,,,,,,,,,,,,,,,,,,,,,,,,,,,,,,,,,,,,,,,,,,,,,,,,,,,,,,,,,,,,,,,,,,,,,,,,,,,,,,,
,,,,,,,,,,,,,,,,,,,,,,,,,,,,,,,,,,,,,,,,,,,,,,,,,,,,,,,,,,,,,,,,,,,,,,,,,,,,,,,,,
,,,,,,,,,,,,,,,,,,,,,,,,,,,,,,,,,,,,,,,,,GQ screen posts,"graph with each member's scores, only post if public",,,,,,,,,,,,,,,,,,,,,,,,,,,,,,,,,,,,,,,